From Bank,To Bank,Enterprise,Budget,Infra,Legacy,Deployment,Sender Algo,Receiver Algo
ICICI,HDFC,Big,High,New,Present,Different servers,PQC (Kyber/Dilithium/Falcon),Hybrid (RSA+Kyber/Dilithium) (downgraded)
ICICI,HDFC,Big,High,New,Absent,Different servers,PQC (Kyber/Dilithium/Falcon),Hybrid (RSA+Kyber/Dilithium) (downgraded)
ICICI,HDFC,Big,High,Old,Present,Different servers,PQC (Kyber/Dilithium/Falcon),Hybrid (RSA+Kyber/Dilithium) (downgraded)
ICICI,HDFC,Big,High,Old,Absent,Different servers,PQC (Kyber/Dilithium/Falcon),Hybrid (RSA+Kyber/Dilithium) (downgraded)
ICICI,HDFC,Big,Medium,New,Present,Different servers,PQC (Kyber/Dilithium/Falcon),Hybrid (RSA+Kyber/Dilithium) (downgraded)
ICICI,HDFC,Big,Medium,New,Absent,Different servers,PQC (Kyber/Dilithium/Falcon),Hybrid (RSA+Kyber/Dilithium) (downgraded)
ICICI,HDFC,Big,Medium,Old,Present,Different servers,PQC (Kyber/Dilithium/Falcon),Hybrid (RSA+Kyber/Dilithium) (downgraded)
ICICI,HDFC,Big,Medium,Old,Absent,Different servers,PQC (Kyber/Dilithium/Falcon),Hybrid (RSA+Kyber/Dilithium) (downgraded)
ICICI,HDFC,Big,Low,New,Present,Different servers,PQC (Kyber/Dilithium/Falcon),Hybrid (RSA+Kyber/Dilithium) (downgraded)
ICICI,HDFC,Big,Low,New,Absent,Different servers,PQC (Kyber/Dilithium/Falcon),Hybrid (RSA+Kyber/Dilithium) (downgraded)
ICICI,HDFC,Big,Low,Old,Present,Different servers,PQC (Kyber/Dilithium/Falcon),Hybrid (RSA+Kyber/Dilithium) (downgraded)
ICICI,HDFC,Big,Low,Old,Absent,Different servers,PQC (Kyber/Dilithium/Falcon),Hybrid (RSA+Kyber/Dilithium) (downgraded)
ICICI,HDFC,Small,High,New,Present,Different servers,PQC (Kyber/Dilithium/Falcon),Hybrid (RSA+Kyber/Dilithium) (downgraded)
ICICI,HDFC,Small,High,New,Absent,Different servers,PQC (Kyber/Dilithium/Falcon),Hybrid (RSA+Kyber/Dilithium) (downgraded)
ICICI,HDFC,Small,High,Old,Present,Different servers,PQC (Kyber/Dilithium/Falcon),Hybrid (RSA+Kyber/Dilithium) (downgraded)
ICICI,HDFC,Small,High,Old,Absent,Different servers,PQC (Kyber/Dilithium/Falcon),Hybrid (RSA+Kyber/Dilithium) (downgraded)
ICICI,HDFC,Small,Medium,New,Present,Different servers,PQC (Kyber/Dilithium/Falcon),Hybrid (RSA+Kyber/Dilithium) (downgraded)
ICICI,HDFC,Small,Medium,New,Absent,Different servers,PQC (Kyber/Dilithium/Falcon),Hybrid (RSA+Kyber/Dilithium) (downgraded)
ICICI,HDFC,Small,Medium,Old,Present,Different servers,PQC (Kyber/Dilithium/Falcon),Hybrid (RSA+Kyber/Dilithium) (downgraded)
ICICI,HDFC,Small,Medium,Old,Absent,Different servers,PQC (Kyber/Dilithium/Falcon),Hybrid (RSA+Kyber/Dilithium) (downgraded)
ICICI,HDFC,Small,Low,New,Present,Different servers,PQC (Kyber/Dilithium/Falcon),Hybrid (RSA+Kyber/Dilithium) (downgraded)
ICICI,HDFC,Small,Low,New,Absent,Different servers,PQC (Kyber/Dilithium/Falcon),Hybrid (RSA+Kyber/Dilithium) (downgraded)
ICICI,HDFC,Small,Low,Old,Present,Different servers,PQC (Kyber/Dilithium/Falcon),Hybrid (RSA+Kyber/Dilithium) (downgraded)
ICICI,HDFC,Small,Low,Old,Absent,Different servers,PQC (Kyber/Dilithium/Falcon),Hybrid (RSA+Kyber/Dilithium) (downgraded)
ICICI,SBI,Big,High,New,Present,Different servers,PQC (Kyber/Dilithium/Falcon),Classical (RSA/ECDSA) (downgraded)
ICICI,SBI,Big,High,New,Absent,Different servers,PQC (Kyber/Dilithium/Falcon),Classical (RSA/ECDSA) (downgraded)
ICICI,SBI,Big,High,Old,Present,Different servers,PQC (Kyber/Dilithium/Falcon),Classical (RSA/ECDSA) (downgraded)
ICICI,SBI,Big,High,Old,Absent,Different servers,PQC (Kyber/Dilithium/Falcon),Classical (RSA/ECDSA) (downgraded)
ICICI,SBI,Big,Medium,New,Present,Different servers,PQC (Kyber/Dilithium/Falcon),Classical (RSA/ECDSA) (downgraded)
ICICI,SBI,Big,Medium,New,Absent,Different servers,PQC (Kyber/Dilithium/Falcon),Classical (RSA/ECDSA) (downgraded)
ICICI,SBI,Big,Medium,Old,Present,Different servers,PQC (Kyber/Dilithium/Falcon),Classical (RSA/ECDSA) (downgraded)
ICICI,SBI,Big,Medium,Old,Absent,Different servers,PQC (Kyber/Dilithium/Falcon),Classical (RSA/ECDSA) (downgraded)
ICICI,SBI,Big,Low,New,Present,Different servers,PQC (Kyber/Dilithium/Falcon),Classical (RSA/ECDSA) (downgraded)
ICICI,SBI,Big,Low,New,Absent,Different servers,PQC (Kyber/Dilithium/Falcon),Classical (RSA/ECDSA) (downgraded)
ICICI,SBI,Big,Low,Old,Present,Different servers,PQC (Kyber/Dilithium/Falcon),Classical (RSA/ECDSA) (downgraded)
ICICI,SBI,Big,Low,Old,Absent,Different servers,PQC (Kyber/Dilithium/Falcon),Classical (RSA/ECDSA) (downgraded)
ICICI,SBI,Small,High,New,Present,Different servers,PQC (Kyber/Dilithium/Falcon),Classical (RSA/ECDSA) (downgraded)
ICICI,SBI,Small,High,New,Absent,Different servers,PQC (Kyber/Dilithium/Falcon),Classical (RSA/ECDSA) (downgraded)
ICICI,SBI,Small,High,Old,Present,Different servers,PQC (Kyber/Dilithium/Falcon),Classical (RSA/ECDSA) (downgraded)
ICICI,SBI,Small,High,Old,Absent,Different servers,PQC (Kyber/Dilithium/Falcon),Classical (RSA/ECDSA) (downgraded)
ICICI,SBI,Small,Medium,New,Present,Different servers,PQC (Kyber/Dilithium/Falcon),Classical (RSA/ECDSA) (downgraded)
ICICI,SBI,Small,Medium,New,Absent,Different servers,PQC (Kyber/Dilithium/Falcon),Classical (RSA/ECDSA) (downgraded)
ICICI,SBI,Small,Medium,Old,Present,Different servers,PQC (Kyber/Dilithium/Falcon),Classical (RSA/ECDSA) (downgraded)
ICICI,SBI,Small,Medium,Old,Absent,Different servers,PQC (Kyber/Dilithium/Falcon),Classical (RSA/ECDSA) (downgraded)
ICICI,SBI,Small,Low,New,Present,Different servers,PQC (Kyber/Dilithium/Falcon),Classical (RSA/ECDSA) (downgraded)
ICICI,SBI,Small,Low,New,Absent,Different servers,PQC (Kyber/Dilithium/Falcon),Classical (RSA/ECDSA) (downgraded)
ICICI,SBI,Small,Low,Old,Present,Different servers,PQC (Kyber/Dilithium/Falcon),Classical (RSA/ECDSA) (downgraded)
ICICI,SBI,Small,Low,Old,Absent,Different servers,PQC (Kyber/Dilithium/Falcon),Classical (RSA/ECDSA) (downgraded)
ICICI,Saraswat,Big,High,New,Present,Different servers,PQC (Kyber/Dilithium/Falcon),Classical (RSA/ECDSA) + Optional PQC (downgraded)
ICICI,Saraswat,Big,High,New,Absent,Different servers,PQC (Kyber/Dilithium/Falcon),Classical (RSA/ECDSA) + Optional PQC (downgraded)
ICICI,Saraswat,Big,High,Old,Present,Different servers,PQC (Kyber/Dilithium/Falcon),Classical (RSA/ECDSA) + Optional PQC (downgraded)
ICICI,Saraswat,Big,High,Old,Absent,Different servers,PQC (Kyber/Dilithium/Falcon),Classical (RSA/ECDSA) + Optional PQC (downgraded)
ICICI,Saraswat,Big,Medium,New,Present,Different servers,PQC (Kyber/Dilithium/Falcon),Classical (RSA/ECDSA) + Optional PQC (downgraded)
ICICI,Saraswat,Big,Medium,New,Absent,Different servers,PQC (Kyber/Dilithium/Falcon),Classical (RSA/ECDSA) + Optional PQC (downgraded)
ICICI,Saraswat,Big,Medium,Old,Present,Different servers,PQC (Kyber/Dilithium/Falcon),Classical (RSA/ECDSA) + Optional PQC (downgraded)
ICICI,Saraswat,Big,Medium,Old,Absent,Different servers,PQC (Kyber/Dilithium/Falcon),Classical (RSA/ECDSA) + Optional PQC (downgraded)
ICICI,Saraswat,Big,Low,New,Present,Different servers,PQC (Kyber/Dilithium/Falcon),Classical (RSA/ECDSA) + Optional PQC (downgraded)
ICICI,Saraswat,Big,Low,New,Absent,Different servers,PQC (Kyber/Dilithium/Falcon),Classical (RSA/ECDSA) + Optional PQC (downgraded)
ICICI,Saraswat,Big,Low,Old,Present,Different servers,PQC (Kyber/Dilithium/Falcon),Classical (RSA/ECDSA) + Optional PQC (downgraded)
ICICI,Saraswat,Big,Low,Old,Absent,Different servers,PQC (Kyber/Dilithium/Falcon),Classical (RSA/ECDSA) + Optional PQC (downgraded)
ICICI,Saraswat,Small,High,New,Present,Different servers,PQC (Kyber/Dilithium/Falcon),Classical (RSA/ECDSA) + Optional PQC (downgraded)
ICICI,Saraswat,Small,High,New,Absent,Different servers,PQC (Kyber/Dilithium/Falcon),Classical (RSA/ECDSA) + Optional PQC (downgraded)
ICICI,Saraswat,Small,High,Old,Present,Different servers,PQC (Kyber/Dilithium/Falcon),Classical (RSA/ECDSA) + Optional PQC (downgraded)
ICICI,Saraswat,Small,High,Old,Absent,Different servers,PQC (Kyber/Dilithium/Falcon),Classical (RSA/ECDSA) + Optional PQC (downgraded)
ICICI,Saraswat,Small,Medium,New,Present,Different servers,PQC (Kyber/Dilithium/Falcon),Classical (RSA/ECDSA) + Optional PQC (downgraded)
ICICI,Saraswat,Small,Medium,New,Absent,Different servers,PQC (Kyber/Dilithium/Falcon),Classical (RSA/ECDSA) + Optional PQC (downgraded)
ICICI,Saraswat,Small,Medium,Old,Present,Different servers,PQC (Kyber/Dilithium/Falcon),Classical (RSA/ECDSA) + Optional PQC (downgraded)
ICICI,Saraswat,Small,Medium,Old,Absent,Different servers,PQC (Kyber/Dilithium/Falcon),Classical (RSA/ECDSA) + Optional PQC (downgraded)
ICICI,Saraswat,Small,Low,New,Present,Different servers,PQC (Kyber/Dilithium/Falcon),Classical (RSA/ECDSA) + Optional PQC (downgraded)
ICICI,Saraswat,Small,Low,New,Absent,Different servers,PQC (Kyber/Dilithium/Falcon),Classical (RSA/ECDSA) + Optional PQC (downgraded)
ICICI,Saraswat,Small,Low,Old,Present,Different servers,PQC (Kyber/Dilithium/Falcon),Classical (RSA/ECDSA) + Optional PQC (downgraded)
ICICI,Saraswat,Small,Low,Old,Absent,Different servers,PQC (Kyber/Dilithium/Falcon),Classical (RSA/ECDSA) + Optional PQC (downgraded)
HDFC,ICICI,Big,High,New,Present,Different servers,Hybrid (RSA+Kyber/Dilithium),PQC (Kyber/Dilithium/Falcon) (upgraded)
HDFC,ICICI,Big,High,New,Absent,Different servers,Hybrid (RSA+Kyber/Dilithium),PQC (Kyber/Dilithium/Falcon) (upgraded)
HDFC,ICICI,Big,High,Old,Present,Different servers,Hybrid (RSA+Kyber/Dilithium),PQC (Kyber/Dilithium/Falcon) (upgraded)
HDFC,ICICI,Big,High,Old,Absent,Different servers,Hybrid (RSA+Kyber/Dilithium),PQC (Kyber/Dilithium/Falcon) (upgraded)
HDFC,ICICI,Big,Medium,New,Present,Different servers,Hybrid (RSA+Kyber/Dilithium),PQC (Kyber/Dilithium/Falcon) (upgraded)
HDFC,ICICI,Big,Medium,New,Absent,Different servers,Hybrid (RSA+Kyber/Dilithium),PQC (Kyber/Dilithium/Falcon) (upgraded)
HDFC,ICICI,Big,Medium,Old,Present,Different servers,Hybrid (RSA+Kyber/Dilithium),PQC (Kyber/Dilithium/Falcon) (upgraded)
HDFC,ICICI,Big,Medium,Old,Absent,Different servers,Hybrid (RSA+Kyber/Dilithium),PQC (Kyber/Dilithium/Falcon) (upgraded)
HDFC,ICICI,Big,Low,New,Present,Different servers,Hybrid (RSA+Kyber/Dilithium),PQC (Kyber/Dilithium/Falcon) (upgraded)
HDFC,ICICI,Big,Low,New,Absent,Different servers,Hybrid (RSA+Kyber/Dilithium),PQC (Kyber/Dilithium/Falcon) (upgraded)
HDFC,ICICI,Big,Low,Old,Present,Different servers,Hybrid (RSA+Kyber/Dilithium),PQC (Kyber/Dilithium/Falcon) (upgraded)
HDFC,ICICI,Big,Low,Old,Absent,Different servers,Hybrid (RSA+Kyber/Dilithium),PQC (Kyber/Dilithium/Falcon) (upgraded)
HDFC,ICICI,Small,High,New,Present,Different servers,Hybrid (RSA+Kyber/Dilithium),PQC (Kyber/Dilithium/Falcon) (upgraded)
HDFC,ICICI,Small,High,New,Absent,Different servers,Hybrid (RSA+Kyber/Dilithium),PQC (Kyber/Dilithium/Falcon) (upgraded)
HDFC,ICICI,Small,High,Old,Present,Different servers,Hybrid (RSA+Kyber/Dilithium),PQC (Kyber/Dilithium/Falcon) (upgraded)
HDFC,ICICI,Small,High,Old,Absent,Different servers,Hybrid (RSA+Kyber/Dilithium),PQC (Kyber/Dilithium/Falcon) (upgraded)
HDFC,ICICI,Small,Medium,New,Present,Different servers,Hybrid (RSA+Kyber/Dilithium),PQC (Kyber/Dilithium/Falcon) (upgraded)
HDFC,ICICI,Small,Medium,New,Absent,Different servers,Hybrid (RSA+Kyber/Dilithium),PQC (Kyber/Dilithium/Falcon) (upgraded)
HDFC,ICICI,Small,Medium,Old,Present,Different servers,Hybrid (RSA+Kyber/Dilithium),PQC (Kyber/Dilithium/Falcon) (upgraded)
HDFC,ICICI,Small,Medium,Old,Absent,Different servers,Hybrid (RSA+Kyber/Dilithium),PQC (Kyber/Dilithium/Falcon) (upgraded)
HDFC,ICICI,Small,Low,New,Present,Different servers,Hybrid (RSA+Kyber/Dilithium),PQC (Kyber/Dilithium/Falcon) (upgraded)
HDFC,ICICI,Small,Low,New,Absent,Different servers,Hybrid (RSA+Kyber/Dilithium),PQC (Kyber/Dilithium/Falcon) (upgraded)
HDFC,ICICI,Small,Low,Old,Present,Different servers,Hybrid (RSA+Kyber/Dilithium),PQC (Kyber/Dilithium/Falcon) (upgraded)
HDFC,ICICI,Small,Low,Old,Absent,Different servers,Hybrid (RSA+Kyber/Dilithium),PQC (Kyber/Dilithium/Falcon) (upgraded)
HDFC,SBI,Big,High,New,Present,Different servers,Hybrid (RSA+Kyber/Dilithium),Classical (RSA/ECDSA) (downgraded)
HDFC,SBI,Big,High,New,Absent,Different servers,Hybrid (RSA+Kyber/Dilithium),Classical (RSA/ECDSA) (downgraded)
HDFC,SBI,Big,High,Old,Present,Different servers,Hybrid (RSA+Kyber/Dilithium),Classical (RSA/ECDSA) (downgraded)
HDFC,SBI,Big,High,Old,Absent,Different servers,Hybrid (RSA+Kyber/Dilithium),Classical (RSA/ECDSA) (downgraded)
HDFC,SBI,Big,Medium,New,Present,Different servers,Hybrid (RSA+Kyber/Dilithium),Classical (RSA/ECDSA) (downgraded)
HDFC,SBI,Big,Medium,New,Absent,Different servers,Hybrid (RSA+Kyber/Dilithium),Classical (RSA/ECDSA) (downgraded)
HDFC,SBI,Big,Medium,Old,Present,Different servers,Hybrid (RSA+Kyber/Dilithium),Classical (RSA/ECDSA) (downgraded)
HDFC,SBI,Big,Medium,Old,Absent,Different servers,Hybrid (RSA+Kyber/Dilithium),Classical (RSA/ECDSA) (downgraded)
HDFC,SBI,Big,Low,New,Present,Different servers,Hybrid (RSA+Kyber/Dilithium),Classical (RSA/ECDSA) (downgraded)
HDFC,SBI,Big,Low,New,Absent,Different servers,Hybrid (RSA+Kyber/Dilithium),Classical (RSA/ECDSA) (downgraded)
HDFC,SBI,Big,Low,Old,Present,Different servers,Hybrid (RSA+Kyber/Dilithium),Classical (RSA/ECDSA) (downgraded)
HDFC,SBI,Big,Low,Old,Absent,Different servers,Hybrid (RSA+Kyber/Dilithium),Classical (RSA/ECDSA) (downgraded)
HDFC,SBI,Small,High,New,Present,Different servers,Hybrid (RSA+Kyber/Dilithium),Classical (RSA/ECDSA) (downgraded)
HDFC,SBI,Small,High,New,Absent,Different servers,Hybrid (RSA+Kyber/Dilithium),Classical (RSA/ECDSA) (downgraded)
HDFC,SBI,Small,High,Old,Present,Different servers,Hybrid (RSA+Kyber/Dilithium),Classical (RSA/ECDSA) (downgraded)
HDFC,SBI,Small,High,Old,Absent,Different servers,Hybrid (RSA+Kyber/Dilithium),Classical (RSA/ECDSA) (downgraded)
HDFC,SBI,Small,Medium,New,Present,Different servers,Hybrid (RSA+Kyber/Dilithium),Classical (RSA/ECDSA) (downgraded)
HDFC,SBI,Small,Medium,New,Absent,Different servers,Hybrid (RSA+Kyber/Dilithium),Classical (RSA/ECDSA) (downgraded)
HDFC,SBI,Small,Medium,Old,Present,Different servers,Hybrid (RSA+Kyber/Dilithium),Classical (RSA/ECDSA) (downgraded)
HDFC,SBI,Small,Medium,Old,Absent,Different servers,Hybrid (RSA+Kyber/Dilithium),Classical (RSA/ECDSA) (downgraded)
HDFC,SBI,Small,Low,New,Present,Different servers,Hybrid (RSA+Kyber/Dilithium),Classical (RSA/ECDSA) (downgraded)
HDFC,SBI,Small,Low,New,Absent,Different servers,Hybrid (RSA+Kyber/Dilithium),Classical (RSA/ECDSA) (downgraded)
HDFC,SBI,Small,Low,Old,Present,Different servers,Hybrid (RSA+Kyber/Dilithium),Classical (RSA/ECDSA) (downgraded)
HDFC,SBI,Small,Low,Old,Absent,Different servers,Hybrid (RSA+Kyber/Dilithium),Classical (RSA/ECDSA) (downgraded)
HDFC,Saraswat,Big,High,New,Present,Different servers,Hybrid (RSA+Kyber/Dilithium),Classical (RSA/ECDSA) + Optional PQC
HDFC,Saraswat,Big,High,New,Absent,Different servers,Hybrid (RSA+Kyber/Dilithium),Classical (RSA/ECDSA) + Optional PQC
HDFC,Saraswat,Big,High,Old,Present,Different servers,Hybrid (RSA+Kyber/Dilithium),Classical (RSA/ECDSA) + Optional PQC
HDFC,Saraswat,Big,High,Old,Absent,Different servers,Hybrid (RSA+Kyber/Dilithium),Classical (RSA/ECDSA) + Optional PQC
HDFC,Saraswat,Big,Medium,New,Present,Different servers,Hybrid (RSA+Kyber/Dilithium),Classical (RSA/ECDSA) + Optional PQC
HDFC,Saraswat,Big,Medium,New,Absent,Different servers,Hybrid (RSA+Kyber/Dilithium),Classical (RSA/ECDSA) + Optional PQC
HDFC,Saraswat,Big,Medium,Old,Present,Different servers,Hybrid (RSA+Kyber/Dilithium),Classical (RSA/ECDSA) + Optional PQC
HDFC,Saraswat,Big,Medium,Old,Absent,Different servers,Hybrid (RSA+Kyber/Dilithium),Classical (RSA/ECDSA) + Optional PQC
HDFC,Saraswat,Big,Low,New,Present,Different servers,Hybrid (RSA+Kyber/Dilithium),Classical (RSA/ECDSA) + Optional PQC
HDFC,Saraswat,Big,Low,New,Absent,Different servers,Hybrid (RSA+Kyber/Dilithium),Classical (RSA/ECDSA) + Optional PQC
HDFC,Saraswat,Big,Low,Old,Present,Different servers,Hybrid (RSA+Kyber/Dilithium),Classical (RSA/ECDSA) + Optional PQC
HDFC,Saraswat,Big,Low,Old,Absent,Different servers,Hybrid (RSA+Kyber/Dilithium),Classical (RSA/ECDSA) + Optional PQC
HDFC,Saraswat,Small,High,New,Present,Different servers,Hybrid (RSA+Kyber/Dilithium),Classical (RSA/ECDSA) + Optional PQC
HDFC,Saraswat,Small,High,New,Absent,Different servers,Hybrid (RSA+Kyber/Dilithium),Classical (RSA/ECDSA) + Optional PQC
HDFC,Saraswat,Small,High,Old,Present,Different servers,Hybrid (RSA+Kyber/Dilithium),Classical (RSA/ECDSA) + Optional PQC
HDFC,Saraswat,Small,High,Old,Absent,Different servers,Hybrid (RSA+Kyber/Dilithium),Classical (RSA/ECDSA) + Optional PQC
HDFC,Saraswat,Small,Medium,New,Present,Different servers,Hybrid (RSA+Kyber/Dilithium),Classical (RSA/ECDSA) + Optional PQC
HDFC,Saraswat,Small,Medium,New,Absent,Different servers,Hybrid (RSA+Kyber/Dilithium),Classical (RSA/ECDSA) + Optional PQC
HDFC,Saraswat,Small,Medium,Old,Present,Different servers,Hybrid (RSA+Kyber/Dilithium),Classical (RSA/ECDSA) + Optional PQC
HDFC,Saraswat,Small,Medium,Old,Absent,Different servers,Hybrid (RSA+Kyber/Dilithium),Classical (RSA/ECDSA) + Optional PQC
HDFC,Saraswat,Small,Low,New,Present,Different servers,Hybrid (RSA+Kyber/Dilithium),Classical (RSA/ECDSA) + Optional PQC
HDFC,Saraswat,Small,Low,New,Absent,Different servers,Hybrid (RSA+Kyber/Dilithium),Classical (RSA/ECDSA) + Optional PQC
HDFC,Saraswat,Small,Low,Old,Present,Different servers,Hybrid (RSA+Kyber/Dilithium),Classical (RSA/ECDSA) + Optional PQC
HDFC,Saraswat,Small,Low,Old,Absent,Different servers,Hybrid (RSA+Kyber/Dilithium),Classical (RSA/ECDSA) + Optional PQC
SBI,ICICI,Big,High,New,Present,Different servers,Classical (RSA/ECDSA),PQC (Kyber/Dilithium/Falcon) (upgraded)
SBI,ICICI,Big,High,New,Absent,Different servers,Classical (RSA/ECDSA),PQC (Kyber/Dilithium/Falcon) (upgraded)
SBI,ICICI,Big,High,Old,Present,Different servers,Classical (RSA/ECDSA),PQC (Kyber/Dilithium/Falcon) (upgraded)
SBI,ICICI,Big,High,Old,Absent,Different servers,Classical (RSA/ECDSA),PQC (Kyber/Dilithium/Falcon) (upgraded)
SBI,ICICI,Big,Medium,New,Present,Different servers,Classical (RSA/ECDSA),PQC (Kyber/Dilithium/Falcon) (upgraded)
SBI,ICICI,Big,Medium,New,Absent,Different servers,Classical (RSA/ECDSA),PQC (Kyber/Dilithium/Falcon) (upgraded)
SBI,ICICI,Big,Medium,Old,Present,Different servers,Classical (RSA/ECDSA),PQC (Kyber/Dilithium/Falcon) (upgraded)
SBI,ICICI,Big,Medium,Old,Absent,Different servers,Classical (RSA/ECDSA),PQC (Kyber/Dilithium/Falcon) (upgraded)
SBI,ICICI,Big,Low,New,Present,Different servers,Classical (RSA/ECDSA),PQC (Kyber/Dilithium/Falcon) (upgraded)
SBI,ICICI,Big,Low,New,Absent,Different servers,Classical (RSA/ECDSA),PQC (Kyber/Dilithium/Falcon) (upgraded)
SBI,ICICI,Big,Low,Old,Present,Different servers,Classical (RSA/ECDSA),PQC (Kyber/Dilithium/Falcon) (upgraded)
SBI,ICICI,Big,Low,Old,Absent,Different servers,Classical (RSA/ECDSA),PQC (Kyber/Dilithium/Falcon) (upgraded)
SBI,ICICI,Small,High,New,Present,Different servers,Classical (RSA/ECDSA),PQC (Kyber/Dilithium/Falcon) (upgraded)
SBI,ICICI,Small,High,New,Absent,Different servers,Classical (RSA/ECDSA),PQC (Kyber/Dilithium/Falcon) (upgraded)
SBI,ICICI,Small,High,Old,Present,Different servers,Classical (RSA/ECDSA),PQC (Kyber/Dilithium/Falcon) (upgraded)
SBI,ICICI,Small,High,Old,Absent,Different servers,Classical (RSA/ECDSA),PQC (Kyber/Dilithium/Falcon) (upgraded)
SBI,ICICI,Small,Medium,New,Present,Different servers,Classical (RSA/ECDSA),PQC (Kyber/Dilithium/Falcon) (upgraded)
SBI,ICICI,Small,Medium,New,Absent,Different servers,Classical (RSA/ECDSA),PQC (Kyber/Dilithium/Falcon) (upgraded)
SBI,ICICI,Small,Medium,Old,Present,Different servers,Classical (RSA/ECDSA),PQC (Kyber/Dilithium/Falcon) (upgraded)
SBI,ICICI,Small,Medium,Old,Absent,Different servers,Classical (RSA/ECDSA),PQC (Kyber/Dilithium/Falcon) (upgraded)
SBI,ICICI,Small,Low,New,Present,Different servers,Classical (RSA/ECDSA),PQC (Kyber/Dilithium/Falcon) (upgraded)
SBI,ICICI,Small,Low,New,Absent,Different servers,Classical (RSA/ECDSA),PQC (Kyber/Dilithium/Falcon) (upgraded)
SBI,ICICI,Small,Low,Old,Present,Different servers,Classical (RSA/ECDSA),PQC (Kyber/Dilithium/Falcon) (upgraded)
SBI,ICICI,Small,Low,Old,Absent,Different servers,Classical (RSA/ECDSA),PQC (Kyber/Dilithium/Falcon) (upgraded)
SBI,HDFC,Big,High,New,Present,Different servers,Classical (RSA/ECDSA),Hybrid (RSA+Kyber/Dilithium) (upgraded)
SBI,HDFC,Big,High,New,Absent,Different servers,Classical (RSA/ECDSA),Hybrid (RSA+Kyber/Dilithium) (upgraded)
SBI,HDFC,Big,High,Old,Present,Different servers,Classical (RSA/ECDSA),Hybrid (RSA+Kyber/Dilithium) (upgraded)
SBI,HDFC,Big,High,Old,Absent,Different servers,Classical (RSA/ECDSA),Hybrid (RSA+Kyber/Dilithium) (upgraded)
SBI,HDFC,Big,Medium,New,Present,Different servers,Classical (RSA/ECDSA),Hybrid (RSA+Kyber/Dilithium) (upgraded)
SBI,HDFC,Big,Medium,New,Absent,Different servers,Classical (RSA/ECDSA),Hybrid (RSA+Kyber/Dilithium) (upgraded)
SBI,HDFC,Big,Medium,Old,Present,Different servers,Classical (RSA/ECDSA),Hybrid (RSA+Kyber/Dilithium) (upgraded)
SBI,HDFC,Big,Medium,Old,Absent,Different servers,Classical (RSA/ECDSA),Hybrid (RSA+Kyber/Dilithium) (upgraded)
SBI,HDFC,Big,Low,New,Present,Different servers,Classical (RSA/ECDSA),Hybrid (RSA+Kyber/Dilithium) (upgraded)
SBI,HDFC,Big,Low,New,Absent,Different servers,Classical (RSA/ECDSA),Hybrid (RSA+Kyber/Dilithium) (upgraded)
SBI,HDFC,Big,Low,Old,Present,Different servers,Classical (RSA/ECDSA),Hybrid (RSA+Kyber/Dilithium) (upgraded)
SBI,HDFC,Big,Low,Old,Absent,Different servers,Classical (RSA/ECDSA),Hybrid (RSA+Kyber/Dilithium) (upgraded)
SBI,HDFC,Small,High,New,Present,Different servers,Classical (RSA/ECDSA),Hybrid (RSA+Kyber/Dilithium) (upgraded)
SBI,HDFC,Small,High,New,Absent,Different servers,Classical (RSA/ECDSA),Hybrid (RSA+Kyber/Dilithium) (upgraded)
SBI,HDFC,Small,High,Old,Present,Different servers,Classical (RSA/ECDSA),Hybrid (RSA+Kyber/Dilithium) (upgraded)
SBI,HDFC,Small,High,Old,Absent,Different servers,Classical (RSA/ECDSA),Hybrid (RSA+Kyber/Dilithium) (upgraded)
SBI,HDFC,Small,Medium,New,Present,Different servers,Classical (RSA/ECDSA),Hybrid (RSA+Kyber/Dilithium) (upgraded)
SBI,HDFC,Small,Medium,New,Absent,Different servers,Classical (RSA/ECDSA),Hybrid (RSA+Kyber/Dilithium) (upgraded)
SBI,HDFC,Small,Medium,Old,Present,Different servers,Classical (RSA/ECDSA),Hybrid (RSA+Kyber/Dilithium) (upgraded)
SBI,HDFC,Small,Medium,Old,Absent,Different servers,Classical (RSA/ECDSA),Hybrid (RSA+Kyber/Dilithium) (upgraded)
SBI,HDFC,Small,Low,New,Present,Different servers,Classical (RSA/ECDSA),Hybrid (RSA+Kyber/Dilithium) (upgraded)
SBI,HDFC,Small,Low,New,Absent,Different servers,Classical (RSA/ECDSA),Hybrid (RSA+Kyber/Dilithium) (upgraded)
SBI,HDFC,Small,Low,Old,Present,Different servers,Classical (RSA/ECDSA),Hybrid (RSA+Kyber/Dilithium) (upgraded)
SBI,HDFC,Small,Low,Old,Absent,Different servers,Classical (RSA/ECDSA),Hybrid (RSA+Kyber/Dilithium) (upgraded)
SBI,Saraswat,Big,High,New,Present,Different servers,Classical (RSA/ECDSA),Classical (RSA/ECDSA) + Optional PQC (upgraded)
SBI,Saraswat,Big,High,New,Absent,Different servers,Classical (RSA/ECDSA),Classical (RSA/ECDSA) + Optional PQC (upgraded)
SBI,Saraswat,Big,High,Old,Present,Different servers,Classical (RSA/ECDSA),Classical (RSA/ECDSA) + Optional PQC (upgraded)
SBI,Saraswat,Big,High,Old,Absent,Different servers,Classical (RSA/ECDSA),Classical (RSA/ECDSA) + Optional PQC (upgraded)
SBI,Saraswat,Big,Medium,New,Present,Different servers,Classical (RSA/ECDSA),Classical (RSA/ECDSA) + Optional PQC (upgraded)
SBI,Saraswat,Big,Medium,New,Absent,Different servers,Classical (RSA/ECDSA),Classical (RSA/ECDSA) + Optional PQC (upgraded)
SBI,Saraswat,Big,Medium,Old,Present,Different servers,Classical (RSA/ECDSA),Classical (RSA/ECDSA) + Optional PQC (upgraded)
SBI,Saraswat,Big,Medium,Old,Absent,Different servers,Classical (RSA/ECDSA),Classical (RSA/ECDSA) + Optional PQC (upgraded)
SBI,Saraswat,Big,Low,New,Present,Different servers,Classical (RSA/ECDSA),Classical (RSA/ECDSA) + Optional PQC (upgraded)
SBI,Saraswat,Big,Low,New,Absent,Different servers,Classical (RSA/ECDSA),Classical (RSA/ECDSA) + Optional PQC (upgraded)
SBI,Saraswat,Big,Low,Old,Present,Different servers,Classical (RSA/ECDSA),Classical (RSA/ECDSA) + Optional PQC (upgraded)
SBI,Saraswat,Big,Low,Old,Absent,Different servers,Classical (RSA/ECDSA),Classical (RSA/ECDSA) + Optional PQC (upgraded)
SBI,Saraswat,Small,High,New,Present,Different servers,Classical (RSA/ECDSA),Classical (RSA/ECDSA) + Optional PQC (upgraded)
SBI,Saraswat,Small,High,New,Absent,Different servers,Classical (RSA/ECDSA),Classical (RSA/ECDSA) + Optional PQC (upgraded)
SBI,Saraswat,Small,High,Old,Present,Different servers,Classical (RSA/ECDSA),Classical (RSA/ECDSA) + Optional PQC (upgraded)
SBI,Saraswat,Small,High,Old,Absent,Different servers,Classical (RSA/ECDSA),Classical (RSA/ECDSA) + Optional PQC (upgraded)
SBI,Saraswat,Small,Medium,New,Present,Different servers,Classical (RSA/ECDSA),Classical (RSA/ECDSA) + Optional PQC (upgraded)
SBI,Saraswat,Small,Medium,New,Absent,Different servers,Classical (RSA/ECDSA),Classical (RSA/ECDSA) + Optional PQC (upgraded)
SBI,Saraswat,Small,Medium,Old,Present,Different servers,Classical (RSA/ECDSA),Classical (RSA/ECDSA) + Optional PQC (upgraded)
SBI,Saraswat,Small,Medium,Old,Absent,Different servers,Classical (RSA/ECDSA),Classical (RSA/ECDSA) + Optional PQC (upgraded)
SBI,Saraswat,Small,Low,New,Present,Different servers,Classical (RSA/ECDSA),Classical (RSA/ECDSA) + Optional PQC (upgraded)
SBI,Saraswat,Small,Low,New,Absent,Different servers,Classical (RSA/ECDSA),Classical (RSA/ECDSA) + Optional PQC (upgraded)
SBI,Saraswat,Small,Low,Old,Present,Different servers,Classical (RSA/ECDSA),Classical (RSA/ECDSA) + Optional PQC (upgraded)
SBI,Saraswat,Small,Low,Old,Absent,Different servers,Classical (RSA/ECDSA),Classical (RSA/ECDSA) + Optional PQC (upgraded)
Saraswat,ICICI,Big,High,New,Present,Different servers,Classical (RSA/ECDSA) + Optional PQC,PQC (Kyber/Dilithium/Falcon) (upgraded)
Saraswat,ICICI,Big,High,New,Absent,Different servers,Classical (RSA/ECDSA) + Optional PQC,PQC (Kyber/Dilithium/Falcon) (upgraded)
Saraswat,ICICI,Big,High,Old,Present,Different servers,Classical (RSA/ECDSA) + Optional PQC,PQC (Kyber/Dilithium/Falcon) (upgraded)
Saraswat,ICICI,Big,High,Old,Absent,Different servers,Classical (RSA/ECDSA) + Optional PQC,PQC (Kyber/Dilithium/Falcon) (upgraded)
Saraswat,ICICI,Big,Medium,New,Present,Different servers,Classical (RSA/ECDSA) + Optional PQC,PQC (Kyber/Dilithium/Falcon) (upgraded)
Saraswat,ICICI,Big,Medium,New,Absent,Different servers,Classical (RSA/ECDSA) + Optional PQC,PQC (Kyber/Dilithium/Falcon) (upgraded)
Saraswat,ICICI,Big,Medium,Old,Present,Different servers,Classical (RSA/ECDSA) + Optional PQC,PQC (Kyber/Dilithium/Falcon) (upgraded)
Saraswat,ICICI,Big,Medium,Old,Absent,Different servers,Classical (RSA/ECDSA) + Optional PQC,PQC (Kyber/Dilithium/Falcon) (upgraded)
Saraswat,ICICI,Big,Low,New,Present,Different servers,Classical (RSA/ECDSA) + Optional PQC,PQC (Kyber/Dilithium/Falcon) (upgraded)
Saraswat,ICICI,Big,Low,New,Absent,Different servers,Classical (RSA/ECDSA) + Optional PQC,PQC (Kyber/Dilithium/Falcon) (upgraded)
Saraswat,ICICI,Big,Low,Old,Present,Different servers,Classical (RSA/ECDSA) + Optional PQC,PQC (Kyber/Dilithium/Falcon) (upgraded)
Saraswat,ICICI,Big,Low,Old,Absent,Different servers,Classical (RSA/ECDSA) + Optional PQC,PQC (Kyber/Dilithium/Falcon) (upgraded)
Saraswat,ICICI,Small,High,New,Present,Different servers,Classical (RSA/ECDSA) + Optional PQC,PQC (Kyber/Dilithium/Falcon) (upgraded)
Saraswat,ICICI,Small,High,New,Absent,Different servers,Classical (RSA/ECDSA) + Optional PQC,PQC (Kyber/Dilithium/Falcon) (upgraded)
Saraswat,ICICI,Small,High,Old,Present,Different servers,Classical (RSA/ECDSA) + Optional PQC,PQC (Kyber/Dilithium/Falcon) (upgraded)
Saraswat,ICICI,Small,High,Old,Absent,Different servers,Classical (RSA/ECDSA) + Optional PQC,PQC (Kyber/Dilithium/Falcon) (upgraded)
Saraswat,ICICI,Small,Medium,New,Present,Different servers,Classical (RSA/ECDSA) + Optional PQC,PQC (Kyber/Dilithium/Falcon) (upgraded)
Saraswat,ICICI,Small,Medium,New,Absent,Different servers,Classical (RSA/ECDSA) + Optional PQC,PQC (Kyber/Dilithium/Falcon) (upgraded)
Saraswat,ICICI,Small,Medium,Old,Present,Different servers,Classical (RSA/ECDSA) + Optional PQC,PQC (Kyber/Dilithium/Falcon) (upgraded)
Saraswat,ICICI,Small,Medium,Old,Absent,Different servers,Classical (RSA/ECDSA) + Optional PQC,PQC (Kyber/Dilithium/Falcon) (upgraded)
Saraswat,ICICI,Small,Low,New,Present,Different servers,Classical (RSA/ECDSA) + Optional PQC,PQC (Kyber/Dilithium/Falcon) (upgraded)
Saraswat,ICICI,Small,Low,New,Absent,Different servers,Classical (RSA/ECDSA) + Optional PQC,PQC (Kyber/Dilithium/Falcon) (upgraded)
Saraswat,ICICI,Small,Low,Old,Present,Different servers,Classical (RSA/ECDSA) + Optional PQC,PQC (Kyber/Dilithium/Falcon) (upgraded)
Saraswat,ICICI,Small,Low,Old,Absent,Different servers,Classical (RSA/ECDSA) + Optional PQC,PQC (Kyber/Dilithium/Falcon) (upgraded)
Saraswat,HDFC,Big,High,New,Present,Different servers,Classical (RSA/ECDSA) + Optional PQC,Hybrid (RSA+Kyber/Dilithium)
Saraswat,HDFC,Big,High,New,Absent,Different servers,Classical (RSA/ECDSA) + Optional PQC,Hybrid (RSA+Kyber/Dilithium)
Saraswat,HDFC,Big,High,Old,Present,Different servers,Classical (RSA/ECDSA) + Optional PQC,Hybrid (RSA+Kyber/Dilithium)
Saraswat,HDFC,Big,High,Old,Absent,Different servers,Classical (RSA/ECDSA) + Optional PQC,Hybrid (RSA+Kyber/Dilithium)
Saraswat,HDFC,Big,Medium,New,Present,Different servers,Classical (RSA/ECDSA) + Optional PQC,Hybrid (RSA+Kyber/Dilithium)
Saraswat,HDFC,Big,Medium,New,Absent,Different servers,Classical (RSA/ECDSA) + Optional PQC,Hybrid (RSA+Kyber/Dilithium)
Saraswat,HDFC,Big,Medium,Old,Present,Different servers,Classical (RSA/ECDSA) + Optional PQC,Hybrid (RSA+Kyber/Dilithium)
Saraswat,HDFC,Big,Medium,Old,Absent,Different servers,Classical (RSA/ECDSA) + Optional PQC,Hybrid (RSA+Kyber/Dilithium)
Saraswat,HDFC,Big,Low,New,Present,Different servers,Classical (RSA/ECDSA) + Optional PQC,Hybrid (RSA+Kyber/Dilithium)
Saraswat,HDFC,Big,Low,New,Absent,Different servers,Classical (RSA/ECDSA) + Optional PQC,Hybrid (RSA+Kyber/Dilithium)
Saraswat,HDFC,Big,Low,Old,Present,Different servers,Classical (RSA/ECDSA) + Optional PQC,Hybrid (RSA+Kyber/Dilithium)
Saraswat,HDFC,Big,Low,Old,Absent,Different servers,Classical (RSA/ECDSA) + Optional PQC,Hybrid (RSA+Kyber/Dilithium)
Saraswat,HDFC,Small,High,New,Present,Different servers,Classical (RSA/ECDSA) + Optional PQC,Hybrid (RSA+Kyber/Dilithium)
Saraswat,HDFC,Small,High,New,Absent,Different servers,Classical (RSA/ECDSA) + Optional PQC,Hybrid (RSA+Kyber/Dilithium)
Saraswat,HDFC,Small,High,Old,Present,Different servers,Classical (RSA/ECDSA) + Optional PQC,Hybrid (RSA+Kyber/Dilithium)
Saraswat,HDFC,Small,High,Old,Absent,Different servers,Classical (RSA/ECDSA) + Optional PQC,Hybrid (RSA+Kyber/Dilithium)
Saraswat,HDFC,Small,Medium,New,Present,Different servers,Classical (RSA/ECDSA) + Optional PQC,Hybrid (RSA+Kyber/Dilithium)
Saraswat,HDFC,Small,Medium,New,Absent,Different servers,Classical (RSA/ECDSA) + Optional PQC,Hybrid (RSA+Kyber/Dilithium)
Saraswat,HDFC,Small,Medium,Old,Present,Different servers,Classical (RSA/ECDSA) + Optional PQC,Hybrid (RSA+Kyber/Dilithium)
Saraswat,HDFC,Small,Medium,Old,Absent,Different servers,Classical (RSA/ECDSA) + Optional PQC,Hybrid (RSA+Kyber/Dilithium)
Saraswat,HDFC,Small,Low,New,Present,Different servers,Classical (RSA/ECDSA) + Optional PQC,Hybrid (RSA+Kyber/Dilithium)
Saraswat,HDFC,Small,Low,New,Absent,Different servers,Classical (RSA/ECDSA) + Optional PQC,Hybrid (RSA+Kyber/Dilithium)
Saraswat,HDFC,Small,Low,Old,Present,Different servers,Classical (RSA/ECDSA) + Optional PQC,Hybrid (RSA+Kyber/Dilithium)
Saraswat,HDFC,Small,Low,Old,Absent,Different servers,Classical (RSA/ECDSA) + Optional PQC,Hybrid (RSA+Kyber/Dilithium)
Saraswat,SBI,Big,High,New,Present,Different servers,Classical (RSA/ECDSA) + Optional PQC,Classical (RSA/ECDSA) (downgraded)
Saraswat,SBI,Big,High,New,Absent,Different servers,Classical (RSA/ECDSA) + Optional PQC,Classical (RSA/ECDSA) (downgraded)
Saraswat,SBI,Big,High,Old,Present,Different servers,Classical (RSA/ECDSA) + Optional PQC,Classical (RSA/ECDSA) (downgraded)
Saraswat,SBI,Big,High,Old,Absent,Different servers,Classical (RSA/ECDSA) + Optional PQC,Classical (RSA/ECDSA) (downgraded)
Saraswat,SBI,Big,Medium,New,Present,Different servers,Classical (RSA/ECDSA) + Optional PQC,Classical (RSA/ECDSA) (downgraded)
Saraswat,SBI,Big,Medium,New,Absent,Different servers,Classical (RSA/ECDSA) + Optional PQC,Classical (RSA/ECDSA) (downgraded)
Saraswat,SBI,Big,Medium,Old,Present,Different servers,Classical (RSA/ECDSA) + Optional PQC,Classical (RSA/ECDSA) (downgraded)
Saraswat,SBI,Big,Medium,Old,Absent,Different servers,Classical (RSA/ECDSA) + Optional PQC,Classical (RSA/ECDSA) (downgraded)
Saraswat,SBI,Big,Low,New,Present,Different servers,Classical (RSA/ECDSA) + Optional PQC,Classical (RSA/ECDSA) (downgraded)
Saraswat,SBI,Big,Low,New,Absent,Different servers,Classical (RSA/ECDSA) + Optional PQC,Classical (RSA/ECDSA) (downgraded)
Saraswat,SBI,Big,Low,Old,Present,Different servers,Classical (RSA/ECDSA) + Optional PQC,Classical (RSA/ECDSA) (downgraded)
Saraswat,SBI,Big,Low,Old,Absent,Different servers,Classical (RSA/ECDSA) + Optional PQC,Classical (RSA/ECDSA) (downgraded)
Saraswat,SBI,Small,High,New,Present,Different servers,Classical (RSA/ECDSA) + Optional PQC,Classical (RSA/ECDSA) (downgraded)
Saraswat,SBI,Small,High,New,Absent,Different servers,Classical (RSA/ECDSA) + Optional PQC,Classical (RSA/ECDSA) (downgraded)
Saraswat,SBI,Small,High,Old,Present,Different servers,Classical (RSA/ECDSA) + Optional PQC,Classical (RSA/ECDSA) (downgraded)
Saraswat,SBI,Small,High,Old,Absent,Different servers,Classical (RSA/ECDSA) + Optional PQC,Classical (RSA/ECDSA) (downgraded)
Saraswat,SBI,Small,Medium,New,Present,Different servers,Classical (RSA/ECDSA) + Optional PQC,Classical (RSA/ECDSA) (downgraded)
Saraswat,SBI,Small,Medium,New,Absent,Different servers,Classical (RSA/ECDSA) + Optional PQC,Classical (RSA/ECDSA) (downgraded)
Saraswat,SBI,Small,Medium,Old,Present,Different servers,Classical (RSA/ECDSA) + Optional PQC,Classical (RSA/ECDSA) (downgraded)
Saraswat,SBI,Small,Medium,Old,Absent,Different servers,Classical (RSA/ECDSA) + Optional PQC,Classical (RSA/ECDSA) (downgraded)
Saraswat,SBI,Small,Low,New,Present,Different servers,Classical (RSA/ECDSA) + Optional PQC,Classical (RSA/ECDSA) (downgraded)
Saraswat,SBI,Small,Low,New,Absent,Different servers,Classical (RSA/ECDSA) + Optional PQC,Classical (RSA/ECDSA) (downgraded)
Saraswat,SBI,Small,Low,Old,Present,Different servers,Classical (RSA/ECDSA) + Optional PQC,Classical (RSA/ECDSA) (downgraded)
Saraswat,SBI,Small,Low,Old,Absent,Different servers,Classical (RSA/ECDSA) + Optional PQC,Classical (RSA/ECDSA) (downgraded)
